PlayerId,Name,RosterPosition,DefensiveTeam,MaddenId,PFRId
4921,D.J. Jones,DT,49ers,12824,JoneD.01
180,Arik Armstead,DE,49ers,2533,ArmsAr01
4248,DeForest Buckner,DT,49ers,17542,BuckDe00
6940,Nick Bosa,DE,49ers,20565,BosaNi00
541,Corey Peters,DT,Cardinals,9878,PeteCo00
3457,Jonathan Bullard,DE,Cardinals,17656,BullJo00
312,Terrell Suggs,LB,Cardinals,16524,SuggTe99
2701,Rodney Gunter,DT,Cardinals,2618,GuntRo00
68,Chandler Jones,LB,Cardinals,11295,JoneCh03
4787,Haason Reddick,LB,Cardinals,12560,ReddHa00
771,Cassius Marsh,LB,Cardinals,2123,MarsCa00
4247,Ronald Blair III,DE,49ers,17725,BlaiRo00
4933,Solomon Thomas,DE,49ers,12526,ThomSo00
2750,Dee Ford,DE,49ers,10861,FordDe00
7555,Jalen Thompson,S,Cardinals,20813,NA
1235,Zach Kerr,DT,Cardinals,2286,KerrZa00
815,Clinton McDonald,DT,Cardinals,20284,McDoCl99
2975,Jordan Hicks,LB,Cardinals,2563,HickJo00
7217,Dre Greenlaw,LB,49ers,20475,GreeDr00
4252,Sheldon Day,DT,49ers,17739,DayxSh00
168,Tramaine Brock Sr,CB,Cardinals,10123,NA
4746,Budda Baker,S,Cardinals,12549,NA
2876,Abry Jones,DT,Jaguars,12335,JoneAb00
4251,Yannick Ngakoue,DE,Jaguars,17734,NgakYa00
537,Calais Campbell,DE,Jaguars,28363,CampCa99
6821,Josh Allen,LB,Jaguars,20410,AlleJo03
6234,Taven Bryan,DT,Jaguars,13096,BryaTa00
2303,Najee Goode,LB,Jaguars,11573,GoodNa00
4939,Dawuane Smoot,DE,Jaguars,12596,SmooDa00
2188,Akeem Spence,DT,Jaguars,NA,SpenAk00
2606,Brandon Dunn,DT,Texans,2375,DunnBr00
4054,D.J. Reader,DT,Texans,17746,ReadD.00
4048,Brennan Scarlett,LB,Texans,12403,ScarBr00
2971,Angelo Blackson,DE,Texans,2616,BlacAn00
3131,Whitney Mercilus,LB,Texans,11292,MercWh00
6402,Jacob Martin,LB,Texans,13463,MartJa02
2940,Benardrick McKinney,LB,Texans,2558,McKiBe00
6883,Charles Omenihu,DE,Texans,20403,OmenCh00
4849,Carlos Watkins,DE,Texans,12599,WatkCa00
1885,Lerentee McCray,DE,Jaguars,2183,McCrLe01
3899,Myles Jack,LB,Jaguars,17539,JackMy00
4870,Dylan Cole,LB,Texans,12874,ColeDy00
4642,Breon Borders,CB,Jaguars,13025,NA
1066,Barkevious Mingo,LB,Texans,1128,MingBa00
514,Star Lotulelei,DT,Bills,1014,LotuSt00
1011,Trent Murphy,LB,Bills,12363,MurpTr00
2900,Jordan Phillips,DT,Bills,2548,PhilJo01
132,Jerry Hughes,DE,Bills,9840,HughJe99
544,Lorenzo Alexander,LB,Bills,28291,AlexLo99
4953,Matt Milano,LB,Bills,12781,MilaMa00
4141,Matt Ioannidis,DE,Redskins,17741,IoanMa01
1016,Ryan Kerrigan,LB,Redskins,10695,KerrRy00
4469,Jonathan Allen,DE,Redskins,12521,AlleJo01
7143,Montez Sweat,LB,Redskins,20411,SweaMo00
6420,Daron Payne,DT,Redskins,13104,PaynDa00
4461,Ryan Anderson,LB,Redskins,12567,AndeRy00
1340,Jordan Poyer,S,Bills,12280,NA
6976,Ed Oliver,DT,Bills,20548,OlivEd00
6429,Tim Settle,DT,Redskins,13123,SettTi00
1112,Landon Collins,S,Redskins,2593,NA
3661,Shaq Lawson,DE,Bills,17551,LawsSh00
4785,Vincent Taylor,DT,Bills,NA,TaylVi00
3735,Noah Spence,DE,Redskins,17548,SpenNo00
1501,Jonathan Bostic,LB,Redskins,1331,BostJo00
610,Micah Hyde,S,Bills,11903,NA
4666,Treyvon Hester,DT,Redskins,12811,HestTr00
6291,Derrick Nnadi,DT,Chiefs,13136,NnadDe00
3613,Emmanuel Ogbah,DE,Chiefs,17686,OgbaEm00
7204,Khalen Saunders,DT,Chiefs,20409,SaunKh00
5073,Tanoh Kpassagnon,DE,Chiefs,12660,KpasTa00
3941,Chris Jones,DT,Chiefs,17676,JoneCh09
839,Linval Joseph,DT,Vikings,9870,JoseLi99
843,Danielle Hunter,DE,Vikings,2540,HuntDa01
1287,Shamar Stephen,DT,Vikings,2136,StepSh00
842,Everson Griffen,DE,Vikings,9836,GrifEv99
2985,Mike Pennel,DT,Chiefs,NA,PennMi00
3644,Reggie Ragland,LB,Chiefs,17687,RaglRe00
6497,Ben Niemann,LB,Chiefs,13617,NiemBe00
4594,Ifeadi Odenigbo,DE,Vikings,12857,OdenIf00
4182,Stephen Weatherly,DE,Vikings,17789,WeatSt00
4445,Joey Ivie,DT,Chiefs,NA,IvieJo00
2837,Damien Wilson,LB,Chiefs,2564,WilsDa02
856,Harrison Smith,S,Vikings,11440,NA
848,Anthony Barr,LB,Vikings,10828,BarrAn00
4578,Jaleel Johnson,DT,Vikings,12574,JohnJa09
4575,Ben Gedeon,LB,Vikings,12820,GedeBe00
551,Tyrann Mathieu,S,Chiefs,11892,NA
2748,Daniel Sorensen,S,Chiefs,2169,NA
907,John Jenkins,DT,Dolphins,1073,JenkJo00
4448,Taco Charlton,DE,Dolphins,12535,CharTa00
4754,Davon Godchaux,DT,Dolphins,12719,GodcDa00
4521,Vince Biegel,LB,Dolphins,12701,BiegVi00
7086,Christian Wilkins,DT,Dolphins,20550,WilkCh00
7438,Sam Eguavoen,LB,Dolphins,20834,EguaSa00
97,Steve McLendon,DT,Jets,10142,McLeSt00
2786,Henry Anderson,DE,Jets,2539,AndeHe00
7126,Quinnen Williams,DT,Jets,20547,WillQu00
3786,Jordan Jenkins,LB,Jets,17675,JenkJo01
4710,Jamal Adams,S,Jets,12524,NA
2802,Brandon Copeland,LB,Jets,2838,CopeBr00
7113,Kyle Phillips,DE,Jets,20577,PhilKy00
5022,Tarell Basham,DE,Jets,12616,BashTa00
4756,Charles Harris,DE,Dolphins,12550,HarrCh03
6676,Trent Harris,DE,Dolphins,13543,HarrTr01
6275,Jerome Baker,LB,Dolphins,13200,BakeJe00
6264,Folorunso Fatukasi,DT,Jets,13294,FatuFo00
5026,Nate Hairston,CB,Jets,12810,NA
4170,Robert Nkemdiche,DT,Dolphins,17684,NkemRo00
6261,Nathan Shepherd,DT,Jets,13188,ShepNa00
4867,Harvey Langi,LB,Jets,12780,LangHa00
4810,Jordan Willis,DE,Jets,12651,WillJo09
6657,Frankie Luvu,LB,Jets,NA,LuvuFr00
1058,Eric Rowe,S,Dolphins,2585,NA
3773,Brian Poole,CB,Jets,17896,NA
1048,Fletcher Cox,DT,Eagles,11297,CoxxFl00
1050,Brandon Graham,DE,Eagles,9837,GrahBr99
291,Timmy Jernigan,DT,Eagles,10877,JernTi00
4399,Derek Barnett,DE,Eagles,12530,BarnDe01
4391,Nathan Gerry,LB,Eagles,12696,GerrNa00
1031,Rodney McLeod,S,Eagles,NA,NA
6378,Josh Sweat,DE,Eagles,13259,SweaJo00
6329,Bilal Nichols,DT,Bears,13424,NichBi00
3462,Leonard Floyd,LB,Bears,17554,FloyLe00
427,Eddie Goldman,DT,Bears,2546,GoldEd00
365,Khalil Mack,LB,Bears,12344,MackKh00
2762,Nick Williams,DT,Bears,12322,WillNi01
3473,Roy Robertson-Harris,DE,Bears,17897,RobeRo00
3228,James Vaughters,LB,Bears,NA,VaugJa01
162,Aaron Lynch,LB,Bears,2056,LyncAa00
7424,Anthony Rush,DT,Eagles,20883,RushAn00
3564,Kamu Grugier-Hill,LB,Eagles,17852,GrugKa00
3026,Brent Urban,DE,Bears,2109,UrbaBr00
7512,Albert Huggins,DE,Eagles,NA,HuggAl00
1047,Vinny Curry,DE,Eagles,11518,CurrVi00
1060,Malcolm Jenkins,S,Eagles,20124,NA
434,Kyle Fuller,CB,Bears,10863,NA
6443,Genard Avery,DE,Eagles,13263,AverGe00
6375,Avonte Maddox,CB,Eagles,13332,NA
4078,Jalen Mills,S,Eagles,17682,NA
7017,T.J. Edwards,LB,Eagles,20591,EdwaTJ02
1280,Andrew Sendejo,S,Eagles,10492,NA
360,Danny Trevathan,LB,Bears,11565,TrevDa00
1109,Prince Amukamara,CB,Bears,10766,NA
5025,Grover Stewart,DT,Colts,12835,StewGr00
2091,Jabaal Sheard,DE,Colts,10700,SheaJa00
1219,Denico Autry,DE,Colts,2366,AutrDe00
1184,Justin Houston,DE,Colts,10703,HousJu00
2775,Clayton Geathers,S,Colts,2597,NA
6964,Ben Banogu,DE,Colts,20418,BanoBe00
5020,Malik Hooker,S,Colts,12527,NA
3427,Javon Hargrave,DT,Steelers,17670,HargJa00
4652,T.J. Watt,LB,Steelers,12562,WattT.00
27,Cameron Heyward,DE,Steelers,10698,HeywCa01
26,Bud Dupree,LB,Steelers,2532,DuprAl00
1027,Mark Barron,LB,Steelers,11439,BarrMa00
2879,Tyson Alualu,DE,Steelers,9857,AluaTy99
3901,Mike Hilton,CB,Steelers,12981,NA
1323,Vince Williams,LB,Steelers,12321,WillVi01
2636,Margus Hunt,DT,Colts,1148,HuntMa00
4898,Kenny Moore II,CB,Colts,12965,NA
3699,Trevon Coley,DT,Colts,12938,ColeTr01
5143,Al-Quadin Muhammad,DE,Colts,12721,MuhaAl00
6539,Darius Leonard,LB,Colts,13130,LeonDa00
6551,George Odum,S,Colts,13713,NA
6977,Khari Willis,S,Colts,20465,NA
3275,Anthony Chickillo,LB,Steelers,2627,ChicAn00
7049,Isaiah Buggs,DE,Steelers,20405,BuggIs00
7050,Devin Bush,LB,Steelers,20583,BushDe01
6482,Olasunkanmi Adeniyi,LB,Steelers,13280,AdenOl00
2722,Dan McCullers,DT,Steelers,12352,McCuDa00
794,DaQuan Jones,DT,Titans,12336,JoneDa04
3584,Kamalei Correa,LB,Titans,17717,CorrKa00
6797,Jeffery Simmons,DE,Titans,20549,SimmJe01
6394,Harold Landry,LB,Titans,NA,LandHa00
258,Cameron Wake,DE,Titans,28807,WakeCa00
3505,Austin Johnson,DT,Titans,17742,JohnAu01
6392,Matt Dickerson,DE,Titans,13390,DickMa00
7542,Isaiah Mack,DT,Titans,20851,MackIs00
2758,Dontari Poe,DT,Panthers,11296,PoexDo00
3923,Vernon Butler,DT,Panthers,17658,ButlVe00
748,Bruce Irvin,LB,Panthers,11550,IrviBr00
810,Gerald McCoy,DT,Panthers,9859,McCoGe99
7332,Brian Burns,LB,Panthers,20566,BurnBr00
6393,Sharif Finch,LB,Titans,13805,FincSh00
3782,Efe Obada,DE,Panthers,13855,ObadEf00
2796,Kyle Love,DT,Panthers,10116,LoveKy00
6426,Marquis Haynes,DE,Panthers,13214,HaynMa01
6235,Rashaan Evans,LB,Titans,13132,EvanRa01
3250,Shaq Thompson,LB,Panthers,2562,ThomSh01
5078,Jayon Brown,LB,Titans,12837,BrowJa06
1231,Logan Ryan,CB,Titans,1435,NA
1867,Wesley Woodyard,LB,Titans,28384,WoodWe20
4739,Bryan Cox Jr,DE,Panthers,12626,CoxxBr01
172,Eric Reid,S,Panthers,1477,NA
1167,Kenny Vaccaro,S,Titans,1466,NA
1101,Johnathan Hankins,DT,Raiders,1088,HankJo00
7236,Maxx Crosby,DE,Raiders,20571,CrosMa00
6303,PJ Hall,DT,Raiders,13460,HallP.00
7239,Clelin Ferrell,DE,Raiders,20567,FerrCl00
7247,Trayvon Mullen,CB,Raiders,20603,NA
6307,Maurice Hurst,DT,Raiders,13086,HursMa00
2242,Terrell McClain,DT,Raiders,NA,McClTe00
1022,Lamarcus Joyner,S,Raiders,12337,NA
224,Damon Harrison,DT,Lions,11824,HarrDa03
6340,Da'Shawn Hand,DE,Lions,13241,HandDa00
432,Christian Jones,LB,Lions,2164,JoneCh05
2739,Trey Flowers,DE,Lions,2538,FlowTr00
1106,Devon Kennard,LB,Lions,2060,KennDe00
1233,Tavon Wilson,S,Lions,11649,NA
6344,John Atkins,DT,Lions,13331,AtkiJo01
3792,Romeo Okwara,LB,Lions,18009,OkwaRo01
3376,A'Shawn Robinson,DT,Lions,17562,RobiAS00
3382,Miles Killebrew,S,Lions,17756,NA
4270,Daryl Worley,CB,Raiders,17724,NA
6305,Arden Key,DE,Raiders,13120,KeyxAr00
2911,Benson Mayowa,DE,Raiders,14311,MayoBe00
4644,Nicholas Morrow,LB,Raiders,12975,MorrNi00
3734,Erik Harris,S,Raiders,12428,NA
714,Tahir Whitehead,LB,Raiders,11642,WhitTa00
6836,Jahlani Tavai,LB,Lions,20592,TavaJa00
3514,Karl Joseph,S,Raiders,17678,NA
6835,Kevin Strong,DT,Lions,20852,StroKe00
1829,Will Compton,LB,Raiders,NA,CompWi00
4490,Jarrad Davis,LB,Lions,12547,DaviJa01
6809,Will Harris,S,Lions,20466,NA
6399,Poona Ford,DT,Seahawks,13199,FordPo00
3871,Branden Jackson,DE,Seahawks,17824,JackBr04
1053,Mychal Kendricks,LB,Seahawks,11433,KendMy00
3855,Jarran Reed,DT,Seahawks,17688,ReedJa02
6400,Rasheem Green,DE,Seahawks,13168,GreeRa01
696,Ezekiel Ansah,DE,Seahawks,1121,AnsaEz00
845,Al Woods,DT,Seahawks,9869,WoodAl99
439,Jadeveon Clowney,DE,Seahawks,10845,ClowJa00
7399,L.J. Collier,DE,Seahawks,20422,CollLJ00
5221,Vita Vea,DT,Buccaneers,13091,VeaxVi00
259,Ndamukong Suh,DT,Buccaneers,9858,SuhxNd99
2652,Shaquil Barrett,LB,Buccaneers,2780,BarrSh00
2186,William Gholston,DE,Buccaneers,11882,GholWi00
3623,Carl Nassib,LB,Buccaneers,17733,NassCa00
2365,Jason Pierre-Paul,DE,Buccaneers,9835,PierJa99
1056,Beau Allen,DT,Buccaneers,2049,AlleBe00
836,Bradley McDougald,S,Seahawks,14201,NA
7270,Anthony Nelson,LB,Buccaneers,20439,NelsAn01
740,K.J. Wright,LB,Seahawks,10745,WrigK.00
2763,Rakeem Nunez-Roches,DT,Buccaneers,2688,NuneRa00
3693,Andrew Adams,S,Buccaneers,12455,NA
5059,Shaquill Griffin,CB,Seahawks,12829,NA
745,Bobby Wagner,LB,Seahawks,11567,WagnBo00
6418,Jordan Whitehead,S,Buccaneers,13179,NA
825,Lavonte David,LB,Buccaneers,11306,DaviLa00
6398,Tre Flowers,CB,Seahawks,13299,NA
7279,Devin White,LB,Buccaneers,20581,WhitDe02
295,Jamar Taylor,CB,Seahawks,1385,NA
1245,Sheldon Richardson,DT,Browns,1042,RichSh00
4978,Myles Garrett,DE,Browns,12520,GarrMy00
4825,Larry Ogunjobi,DT,Browns,12604,OgunLa00
268,Olivier Vernon,DE,Browns,11528,VernOl00
2562,Mike Purcell,DT,Broncos,2796,PurcMi00
338,Derek Wolfe,DE,Broncos,11303,WolfDe00
6859,Malik Reed,LB,Broncos,20819,ReedMa01
3242,Shelby Harris,DT,Broncos,2099,HarrSh00
363,Von Miller,LB,Broncos,10737,MillVo00
6852,Justin Hollins,LB,Broncos,20572,HollJu00
6855,Dre'Mont Jones,DE,Broncos,20553,JoneDr00
1476,Adarius Taylor,LB,Browns,2370,GlanAd00
7034,Mack Wilson,LB,Browns,20582,WilsMa03
6440,Chad Thomas,DE,Browns,13146,ThomCh06
2450,Chris Smith,DE,Browns,2065,SmitCh03
5153,Devaroe Lawrence,DT,Browns,13572,LawrDe02
4859,Eli Ankou,DT,Browns,12960,AnkoEl00
3979,Adam Gotsis,DE,Broncos,17740,GotsAd00
1854,Todd Davis,LB,Broncos,2382,DaviTo01
443,Jeremiah Attaochu,LB,Broncos,10826,AttaJe00
6553,Davontae Harris,CB,Broncos,13282,NA
606,Morgan Burnett,S,Browns,9954,NA
3094,Jermaine Whitehead,S,Browns,12474,NA
6768,Alexander Johnson,LB,Broncos,13839,JohnAl01
4042,Justin Simmons,S,Broncos,17758,NA
6267,Duke Dawson Jr,CB,Broncos,13227,NA
5218,Denzel Ward,CB,Browns,13101,NA
3534,Kenny Clark,DT,Packers,17661,ClarKe01
3547,Dean Lowry,DE,Packers,17731,LowrDe00
3007,Preston Smith,LB,Packers,2534,SmitPr00
6699,Tyler Lancaster,DT,Packers,13568,LancTy00
3009,Za'Darius Smith,LB,Packers,2554,SmitZa00
3538,Kyler Fackrell,LB,Packers,17667,FackKy00
6847,Rashan Gary,LB,Packers,20551,GaryRa00
4517,Montravius Adams,DT,Packers,12639,AdamMo00
6349,Oren Burks,LB,Packers,13196,BurkOr00
7147,Jerry Tillery,DT,Chargers,20554,TillJe00
390,Melvin Ingram III,DE,Chargers,11291,IngrMe00
3129,Damion Square,DT,Chargers,14228,SquaDa00
4284,Joey Bosa,DE,Chargers,17537,BosaJo00
4622,Desmond King II,CB,Chargers,12570,NA
4634,Isaac Rochell,DE,Chargers,12683,RochIs00
6296,Uchenna Nwosu,LB,Chargers,13145,NwosUc00
2777,TY McGill,DT,Chargers,NA,McGiT.00
343,Sylvester Williams,DT,Chargers,1055,WillSy00
6860,Kingsley Keke,DT,Packers,20469,KekeKi00
6298,Kyzir White,LB,Chargers,13194,WhitKy00
246,Adrian Amos,S,Packers,2599,NA
7043,Emeke Egbule,LB,Chargers,20694,EgbuEm00
420,Danny Shelton,DT,Patriots,2544,ShelDa01
1265,John Simon,LB,Patriots,11923,SimoJo01
3000,Lawrence Guy,DE,Patriots,10734,GuyxLa00
719,Kyle Van Noy,LB,Patriots,12387,VanNKy00
4827,Adam Butler,DT,Patriots,12950,ButlAd00
69,Jamie Collins,LB,Patriots,1285,CollJa00
3512,Shilique Calhoun,LB,Patriots,17659,CalhSh00
867,Jason McCourty,CB,Patriots,28829,NA
7157,Byron Cowart,DT,Patriots,20440,CowaBy00
73,Patrick Chung,S,Patriots,20146,NA
301,Brandon Williams,DT,Ravens,1114,WillBr02
3590,Matt Judon,LB,Ravens,17728,JudoMa00
3700,Michael Pierce,DT,Ravens,12433,PierMi00
6916,Jaylon Ferguson,LB,Ravens,20420,FergJa02
4993,Tyus Bowser,LB,Ravens,12619,BowsTy00
3515,Jihad Ward,DE,Ravens,17692,WardJi02
729,Earl Thomas,S,Ravens,9951,NA
7196,Chase Winovich,DE,Patriots,20413,WinoCh00
5018,Chris Wormley,DE,Ravens,12586,WormCh00
6412,J.C. Jackson,CB,Patriots,13406,NA
5017,Patrick Ricard,FB,Ravens,12959,NA
4986,Chuck Clark,S,Ravens,12785,NA
71,Dont'a Hightower,LB,Patriots,11432,HighDo01
1453,Terrence Brooks,S,Patriots,10838,NA
4424,Dalvin Tomlinson,DT,Giants,12595,TomlDa00
7096,Dexter Lawrence,DT,Giants,20552,LawrDe03
558,Markus Golden,LB,Giants,2543,GoldMa00
226,Leonard Williams,DE,Giants,2527,WillLe02
6466,Lorenzo Carter,LB,Giants,13156,CartLo01
4245,Maliek Collins,DT,Cowboys,17738,CollMa00
709,DeMarcus Lawrence,DE,Cowboys,11079,LawrDe00
3808,Antwaun Woods,DT,Cowboys,13026,WoodAn02
998,Robert Quinn,DE,Cowboys,10694,QuinRo00
1714,Jeff Heath,S,Cowboys,14216,NA
2799,David Mayo,LB,Giants,2640,MayoDa00
6476,BJ Hill,DT,Giants,13160,HillB.00
753,Michael Bennett,DE,Cowboys,10036,BennMi99
4249,Olsen Pierre,DT,Giants,2751,PierOl00
7105,Oshane Ximines,LB,Giants,20421,XimiOs00
6433,Dorance Armstrong,DE,Cowboys,13244,ArmsDo00
2937,Christian Covington,DE,Cowboys,2671,CoviCh00
3214,Kerry Hyder,DE,Cowboys,12416,HydeKe01
3168,Joe Thomas,LB,Cowboys,2694,ThomJo04
3942,Justin March-Lillard,LB,Cowboys,12412,MarcJu00
4431,Jourdan Lewis,CB,Cowboys,12555,NA
4814,Jabrill Peppers,S,Giants,12531,NA
763,Brandon Mebane,DT,Chargers,27968,MebaBr99
522,Thomas Davis Sr,LB,Chargers,26761,DaviTh20
588,Mike Daniels,DT,Lions,11539,DaniMi00
1458,Rashaan Melvin,CB,Lions,14172,NA
253,Buster Skrine,CB,Bears,10785,NA
5213,Roquan Smith,LB,Bears,13082,SmitRo07
6327,Joel Iyiegbuniwe,LB,Bears,13279,IyieJo00
3520,Andrew Billings,DT,Bengals,17655,BillAn00
4707,Josh Tupou,DT,Bengals,13037,TupoJo00
6380,Sam Hubbard,DE,Bengals,13182,HubbSa00
935,Geno Atkins,DT,Bengals,9867,AtkiGe99
933,Carlos Dunlap,DE,Bengals,9839,DunlCa99
6987,Renell Wren,DT,Bengals,20406,WrenRe00
4700,Carl Lawson,DE,Bengals,12575,LawsCa00
3375,Anthony Zettel,DE,Bengals,17750,ZettAn00
4696,Jordan Evans,LB,Bengals,12848,EvanJo01
3523,Clayton Fejedelem,S,Bengals,17871,NA
6462,Zach Sieler,DE,Ravens,13481,SielZa00
4984,Marlon Humphrey,CB,Ravens,12544,NA
2089,L.J. Fort,LB,Ravens,11799,FortL.00
1459,Anthony Levine,S,Ravens,NA,NA
1198,Marcus Peters,CB,Ravens,2575,NA
2306,LaRoy Reynolds,LB,Bengals,9795,ReynLa00
1111,Bennett Jackson,S,Ravens,2061,NA
3691,Patrick Onwuasor,LB,Ravens,12473,OnwuPa00
6556,Andrew Brown,DT,Bengals,13185,BrowAn05
2986,Damarious Randall,S,Browns,2592,NA
380,Corey Liuget,DT,Bills,10720,LiugCo00
6946,Darryl Johnson,DE,Bills,20687,JohnDa10
1694,Kurt Coleman,S,Bills,9963,NA
3481,Juston Burris,S,Browns,17705,NA
7027,Sione Takitaki,LB,Browns,20487,TakiSi00
5227,Tremaine Edmunds,LB,Bills,13119,EdmuTr01
6256,Taron Johnson,CB,Bills,13348,NA
487,Kevin Johnson,CB,Bills,2576,NA
367,T.J. Carrie,CB,Browns,2098,NA
1482,Mario Addison,DE,Panthers,10984,AddiMa00
3791,B.J. Goodson,LB,Packers,17786,GoodB.00
1481,Wes Horton,DE,Panthers,NA,HortWe00
6868,Darnell Savage,S,Packers,20458,NA
1474,Colin Jones,S,Panthers,11027,NA
533,Tre Boston,S,Panthers,2089,NA
3718,Javien Elliott,CB,Panthers,12495,NA
1366,Ross Cockrell,CB,Panthers,2012,NA
2664,Ibraheim Campbell,S,Packers,2600,NA
3507,LeShaun Sims,CB,Titans,17719,NA
755,Frank Clark,DE,Chiefs,2552,ClarFr01
3540,Reggie Gilbert,LB,Titans,17933,GilbRe01
3500,Kevin Byard,S,Titans,17752,NA
6800,David Long,LB,Titans,20605,LongDa01
4306,Jordan Lucas,S,Chiefs,17851,NA
2743,Malcom Brown,DT,Saints,2545,BrowMa01
1164,Cameron Jordan,DE,Saints,10697,JordCa00
518,AJ Klein,LB,Saints,11932,KleiAJ00
3753,David Onyemata,DT,Saints,17829,OnyeDa00
5219,Marcus Davenport,DE,Saints,13102,DaveMa00
3757,Sheldon Rankins,DT,Saints,17550,RankSh00
7363,Shy Tuttle,DT,Saints,20853,TuttSh00
354,Mario Edwards Jr,DE,Saints,2537,EdwaMa01
5138,Trey Hendrickson,DE,Saints,12692,HendTr00
1177,Tyeler Davison,DT,Falcons,2620,DaviTy01
759,Vic Beasley Jr,LB,Falcons,2531,BeasVi00
2765,Grady Jarrett,DT,Falcons,2549,JarrGr00
4689,Takkarist McKinley,DE,Falcons,12538,McKiTa00
3783,De'Vondre Campbell,LB,Falcons,17784,CampDe00
1190,Allen Bailey,DE,Falcons,10704,BailAl00
3704,Vonn Bell,S,Saints,17654,NA
2243,Jack Crawford,DE,Falcons,11525,CrawJa00
6577,Jacob Tuioti-Mariner,DT,Falcons,NA,TuioJa00
767,Adrian Clayborn,DE,Falcons,10696,ClayAd00
231,Demario Davis,LB,Saints,11555,DaviDe00
3779,Deion Jones,LB,Falcons,17677,JoneDe01
1003,Alec Ogletree,LB,Giants,1286,OgleAl00
170,Antoine Bethea,S,Giants,27338,NA
5142,Arthur Maulet,CB,Jets,NA,NA
4310,James Burgess,LB,Jets,NA,BurgJa01
6583,RJ McIntosh,DT,Giants,13149,McInR.00
1421,Deone Bucannon,LB,Giants,10841,BucaDe00
7312,Michael Dogbe,DE,Cardinals,20560,DogbMi00
430,Sam Acho,DE,Buccaneers,NA,AchoSa00
7257,Kahzin Daniels,LB,Buccaneers,NA,DaniKa00
3674,Pete Robertson,LB,Cardinals,NA,RobePe01
4764,Raekwon McMillan,LB,Dolphins,12578,McMiRa02
2895,Bobby McCain,S,Dolphins,2629,NA
5027,Anthony Walker,LB,Colts,12598,WalkAn01
995,Aaron Donald,DT,Rams,10852,DonaAa00
3053,Dante Fowler Jr.,LB,Rams,2528,FowlDa00
6515,Sebastian Joseph-Day,DT,Rams,13466,JoseSe00
997,Michael Brockers,DT,Rams,11298,BrocMi00
597,Clay Matthews,LB,Rams,20143,MattCl99
4131,Marqui Christian,S,Rams,17839,NA
7375,Greg Gaines,DT,Rams,20408,GainGr00
4847,Samson Ebukam,LB,Rams,12834,EbukSa00
3391,Morgan Fox,DE,Rams,12512,FoxxMo00
7387,Taylor Rapp,S,Rams,20622,NA
6511,Ogbonnia Okoronkwo,LB,Rams,13090,OkorOg00
447,Eric Weddle,S,Rams,27992,NA
683,Byron Jones,CB,Cowboys,2577,NA
4244,Jaylon Smith,LB,Cowboys,17544,SmitJa05
3677,Darian Thompson,S,Cowboys,17691,NA
6366,Jalyn Holmes,DT,Vikings,13239,HolmJa01
648,Sean Lee,LB,Cowboys,9909,LeexSe99
6909,Armon Watts,DT,Vikings,20564,WattAr01
5228,Leighton Vander Esch,LB,Cowboys,13139,VandLe00
4430,Xavier Woods,S,Cowboys,12846,NA
4432,Chidobe Awuzie,CB,Cowboys,12587,NA
3860,Quinton Jefferson,DT,Seahawks,17834,JeffQu00
171,Jaquiski Tartt,S,49ers,2594,NA
6401,Shaquem Griffin,LB,Seahawks,13251,GrifSh01
1076,K'Waun Williams,CB,49ers,2301,NA
7395,Cody Barton,LB,Seahawks,20692,BartCo00
6626,Emmanuel Moseley,CB,49ers,13504,NA
6485,Terrell Edmunds,S,Steelers,13361,NA
3624,Joe Schobert,LB,Browns,17689,SchoJo00
2963,Jayrone Elliott,LB,Steelers,2309,ElliJa02
4584,Cameron Sutton,CB,Steelers,12580,NA
7019,Sheldrick Redwine,S,Browns,20461,NA
6614,Robert Spillane,LB,Steelers,NA,SpilRo00
6343,Tracy Walker,S,Lions,13262,NA
4504,Jalen Reeves-Maybin,LB,Lions,12832,ReevJa00
4191,Anthony Brown,CB,Cowboys,17704,NA
6542,Tyquan Lewis,DE,Colts,13232,LewiTy00
6504,Leon Jacobs,LB,Jaguars,13315,JacoLe00
6503,Ronnie Harrison,S,Jaguars,13163,NA
3900,Jarrod Wilson,S,Jaguars,12453,NA
4423,Avery Moss,LB,Dolphins,12839,MossAv00
292,Reshad Jones,S,Dolphins,9956,NA
4386,Jomal Wiltz,CB,Dolphins,13879,NA
1280,Andrew Sendejo,S,Vikings,10492,NA
4609,Eric Wilson,LB,Vikings,12885,WilsEr00
4159,Jayron Kearse,S,Vikings,17755,NA
452,Patrick Robinson,CB,Saints,9924,NA
5151,Marcus Williams,S,Saints,12573,NA
1966,Kiko Alonso,LB,Saints,1321,AlonKi00
7347,Chauncey Gardner-Johnson,S,Saints,20621,NA
7261,Mike Edwards,S,Buccaneers,20457,NA
6314,Shaun Dion Hamilton,LB,Redskins,13235,DionSh00
7141,Cole Holcomb,LB,Redskins,20731,HolcCo00
7299,Kendall Sheffield,CB,Falcons,20612,NA
520,Luke Kuechly,LB,Panthers,11309,KuecLu00
934,Domata Peko,DT,Ravens,NA,PekoDo20
347,Justin Ellis,DT,Ravens,NA,ElliJu01
1073,Tashaun Gipson,S,Texans,NA,NA
4588,Elijah Lee,LB,49ers,NA,LeexEl00
6368,Jullian Taylor,DT,49ers,13319,TaylJu00
1142,Damontre Moore,DE,49ers,NA,MoorDa01
7309,Miles Brown,DT,Cardinals,NA,BrowMi01
4093,Joe Walker,LB,Cardinals,17875,WalkJo01
6363,Tarvarius Moore,S,49ers,13261,NA
4936,Ahkello Witherspoon,CB,49ers,12828,NA
1410,Dion Jordan,DE,Raiders,NA,JordDi00
1249,D.J. Swearinger Sr,S,Raiders,NA,NA
2703,Josh Mauro,DE,Raiders,2372,MaurJo00
4905,Deatrich Wise Jr,DE,Patriots,12607,WiseDe00
3569,Jonathan Jones,CB,Patriots,17711,NA
136,Stephon Gilmore,CB,Patriots,11436,NA
3434,Cory Littleton,LB,Rams,12423,LittCo00
4888,Tanzel Smart,DT,Rams,12703,SmarTa00
4476,Eddie Jackson,S,Bears,12634,NA
6297,Justin Jones,DT,Chargers,13210,JoneJu03
3724,Vernon Hargreaves III,CB,Texans,17546,NA
6470,Foyesade Oluokun,LB,Falcons,13468,OluoFo00
7256,Sean Murphy-Bunting,CB,Buccaneers,20608,NA
4501,Patrick O'Connor,DE,Buccaneers,12872,OConPa00
6323,Levi Wallace,CB,Bills,13166,NA
6843,Ahmad Gooden,LB,Broncos,NA,GoodAh00
488,Kareem Jackson,S,Broncos,9927,NA
4963,Tre'Davious White,CB,Bills,12548,NA
379,Chris Harris Jr,CB,Broncos,11008,NA
608,Ha Ha Clinton-Dix,S,Bears,10844,NA
3467,Nick Kwiatkoski,LB,Bears,17828,KwiaNi00
4475,Isaiah Irving,LB,Bears,13014,IrviIs00
6229,Minkah Fitzpatrick,S,Steelers,13084,NA
3525,Nick Vigil,LB,Bengals,17765,VigiNi00
3857,Brandin Bryant,DT,Browns,NA,BryaBr00
4739,Bryan Cox Jr,DE,Browns,12626,CoxxBr01
6934,Gerald Willis,DT,Dolphins,NA,WillGe01
7350,Porter Gustin,DE,Browns,NA,GustPo00
7078,Andrew Van Ginkel,LB,Dolphins,20699,VanGAn00
7342,Christian Miller,LB,Panthers,20414,MillCh04
4735,Marcus Maye,S,Jets,12577,NA
7097,Blessuan Austin,CB,Jets,20700,NA
3072,Curtis Riley,S,Raiders,12456,NA
6805,Austin Bryant,DE,Lions,20575,BryaAu00
5007,Carroll Phillips,DE,Redskins,NA,PhilCa00
7482,Ryan Bee,DT,Redskins,NA,BeexRy00
7146,Jimmy Moreland,CB,Redskins,20486,NA
805,Jurrell Casey,DT,Titans,10725,CaseJu00
6823,Dontavius Russell,DT,Jaguars,20407,RussDo00
6827,Quincy Williams,LB,Jaguars,20728,WillQu01
6535,Tre Herndon,CB,Jaguars,13508,NA
7535,Andrew Wingard,S,Jaguars,20631,NA
6802,Amani Hooker,S,Titans,20629,NA
75,Devin McCourty,S,Patriots,9925,NA
1239,Duron Harmon,S,Patriots,11905,NA
7201,Azeez Al-Shaair,LB,49ers,20688,Al-SAz00
173,Jimmie Ward,S,49ers,12389,NA
133,Nigel Bradham,LB,Eagles,11551,BradNi00
344,Jimmy Smith,CB,Ravens,10767,NA
722,Darius Slay,CB,Lions,NA,NA
7187,Trysten Hill,DT,Cowboys,20561,HillTr00
872,Stephone Anthony,LB,Saints,2557,AnthSt00
3592,Maurice Canady,CB,Jets,17706,NA
547,Alex Okafor,DE,Chiefs,1143,OkafAl00
660,Anthony Hitchens,LB,Chiefs,2033,HitcAn00
7209,Juan Thornhill,S,Chiefs,20456,NA
7135,Chris Peace,LB,Giants,20850,PeacCh00
1399,Michael Thomas,S,Giants,15130,NA
2666,Nate Orchard,DE,Redskins,NA,OrchNa00
2910,Stacy McGee,DT,Panthers,NA,McGeSt01
4694,Chris Odom,DE,Redskins,NA,OdomCh00
3002,Carl Davis,DT,Jaguars,2547,DaviCa01
5192,Donald Payne,LB,Jaguars,12905,PaynDo00
6416,Carlton Davis,CB,Buccaneers,13171,NA
372,D.J. Hayden,CB,Jaguars,1388,NA
1254,A.J. Bouye,CB,Jaguars,14134,NA
4512,Jeremiah Valoaga,DE,49ers,NA,ValoJe00
6617,Marcell Harris,S,49ers,13402,NA
7318,Byron Murphy,CB,Cardinals,20599,NA
548,Patrick Peterson,CB,Cardinals,10743,NA
7324,Deionte Thompson,S,Cardinals,20620,NA
6236,Derwin James,S,Chargers,13080,NA
4051,Joel Heath,DE,Texans,NA,HeatJo00
4667,Eddie Vanderdoes,DT,Texans,NA,VandEd00
4842,Zach Cunningham,LB,Texans,12581,CunnZa00
3332,Anthony Harris,S,Vikings,2888,NA
846,Eric Kendricks,LB,Vikings,2559,KendEr00
2923,Trae Waynes,CB,Vikings,2574,NA
6335,Abdullah Anderson,DT,Bears,13550,AndeAb00
742,Kevin Pierre-Louis,LB,Bears,2124,PierKe00
6469,Isaiah Oliver,CB,Falcons,13105,NA
3921,James Bradberry,CB,Panthers,NA,NA
5107,Jamal Carter,S,Falcons,12777,NA
1451,Brynden Trawick,S,Ravens,14062,NA
1792,Josh Bynes,LB,Ravens,11110,ByneJo00
944,Darqueze Dennard,CB,Bengals,10850,NA
2097,Shawn Williams,S,Bengals,1507,NA
6989,Germaine Pratt,LB,Bengals,20424,PratGe00
3272,Quinton Dunbar,CB,Redskins,2845,NA
3548,Blake Martinez,LB,Packers,17680,MartBl01
6312,Troy Apke,S,Redskins,13374,NA
6581,Chandon Sullivan,CB,Packers,13442,NA
923,PJ Williams,CB,Saints,2580,NA
6369,Fred Warner,LB,49ers,13203,WarnFr00
7100,Kyron Brown,CB,Jets,NA,NA
4915,Adrian Colbert,S,Dolphins,NA,NA
5127,DeMarcus Walker,DE,Broncos,12572,WalkDe03
6284,Josey Jewell,LB,Broncos,13249,JeweJo00
6524,Justin Reid,S,Texans,13167,NA
4653,Marquel Lee,LB,Raiders,12739,LeexMa01
1004,Bashaud Breeland,CB,Chiefs,10836,NA
6569,Demone Harris,LB,Chiefs,13532,HarrDe06
4961,Tanner Vallejo,LB,Cardinals,12803,VallTa00
6519,Travin Howard,LB,Rams,13193,HowaTr00
7397,Ben Burr-Kirven,LB,Seahawks,20588,BurrBe00
7112,Julian Love,CB,Giants,20602,NA
2702,Kareem Martin,DE,Giants,12346,MartKa00
5194,Daeshon Hall,DE,Eagles,12646,HallDa01
1033,Janoris Jenkins,CB,Giants,11437,NA
1592,B.W. Webb,CB,Bengals,11896,NA
3527,William Jackson,CB,Bengals,17674,NA
6605,Frank Herron,DT,Lions,NA,HerrFr00
382,Darian Stewart,S,Buccaneers,9960,NA
890,Akiem Hicks,DT,Bears,11541,HickAk00
4445,Joey Ivie,DT,Titans,NA,IvieJo00
4671,Gareon Conley,CB,Texans,12565,NA
446,Jahleel Addae,S,Texans,9919,NA
6781,Jonathan Harris,DT,Broncos,20869,HarrJo05
4036,Kyle Peko,DT,Broncos,12410,PekoKy00
6867,Deyon Sizer,DE,Broncos,NA,SizeDe00
4102,Kendall Fuller,CB,Chiefs,17668,NA
4035,Will Parks,S,Broncos,17859,NA
6462,Zach Sieler,DE,Dolphins,13481,SielZa00
7032,Montre Hartage,CB,Dolphins,NA,NA
7109,Corey Ballentine,CB,Giants,20454,NA
7507,Jamal Davis II,DE,Dolphins,NA,DaviJa08
4701,Duke Riley,LB,Eagles,12617,RileDu00
6427,Jermaine Carter,LB,Panthers,13461,CartJe00
3189,Akeem King,CB,Seahawks,2687,NA
6631,Dallin Leavitt,S,Raiders,13864,NA
4914,Austin Calitro,LB,Jaguars,13851,CaliAu00
2816,Caraun Reid,DT,Cardinals,NA,ReidCa00
6326,Kylie Fitts,LB,Cardinals,NA,FittKy00
1370,Nickell Robey-Coleman,CB,Rams,9833,NA
6471,Deadrin Senat,DT,Falcons,13224,SenaDe00
2768,Ricardo Allen,S,Falcons,2051,NA
6618,Kentavius Street,DE,49ers,13441,StreKe00
3127,Adrian Phillips,S,Chargers,2759,NA
4615,Rayshawn Jenkins,S,Chargers,12690,NA
6387,Taylor Stallworth,DT,Saints,NA,StalTa00
1072,Craig Robertson,LB,Saints,11123,RobeCr00
7348,Carl Granderson,DE,Saints,20417,GranCa00
7352,Saquan Hampton,S,Saints,20636,NA
438,Manti Te'o,LB,Saints,NA,TeoxMa00
4441,Dan Skipper,T,Lions,NA,NA
6747,Jonathan Wynn,DE,Lions,NA,WynnJo00
1980,Kyle Wilber,LB,Raiders,11554,WilbKy00
6537,A.J. Moore,S,Texans,13512,NA
3754,Tyrell Adams,LB,Texans,12503,AdamTy00
6532,Peter Kalambayi,LB,Texans,13320,KalaPe00
7286,John Cominsky,DE,Falcons,20423,ComiJo00
1837,Blidi Wreh-Wilson,CB,Falcons,1393,NA
3648,Justin Zimmer,DT,Browns,NA,ZimmJu00
664,Brandon Carr,CB,Ravens,28491,NA
6652,Rob McCray,DE,Browns,NA,McCrRo00
7547,Derick Roberson,LB,Titans,NA,RobeDe01
4698,Hardy Nickerson,LB,Bengals,NA,NickHa02
7469,Freedom Akinmoladun,DE,Bengals,NA,AkinFr01
1527,Coty Sensabaugh,CB,Redskins,11677,NA
1213,Malcolm Smith,LB,Cowboys,10958,SmitMa02
6374,Bruce Hector,DT,Eagles,NA,HectBr00
7409,Bryan Mone,DT,Seahawks,NA,MoneBr00
7394,Ugo Amadi,S,Seahawks,20623,NA
1655,Chris Banjo,S,Cardinals,14251,NA
312,Terrell Suggs,LB,Chiefs,16524,SuggTe99
3458,Deon Bush,S,Bears,17751,NA
6498,Charvarius Ward,CB,Chiefs,13507,NA
6906,Cameron Smith,LB,Vikings,20442,SmitCa01
2801,Dean Marlowe,S,Bills,2764,NA
708,Julian Stanford,LB,Bills,11809,StanJu00
6322,Corey Thompson,LB,Bills,13605,ThomCo02
6948,Jaquan Johnson,S,Bills,20460,NA
5119,Isaiah McKenzie,WR,Bills,NA,NA
6257,Siran Neal,S,Bills,13323,NA
4173,Eric Murray,S,Browns,17713,NA
6664,Jeremy Reaves,S,Redskins,13269,NA
6595,Kenny Ladler,S,Redskins,NA,NA
6589,Donovan Olumba,CB,Cowboys,NA,NA
1082,Tramon Williams,CB,Packers,28236,NA
4540,Kevin King,CB,Packers,12603,NA
3835,Steve Longa,LB,Lions,NA,LongSt00
2668,Jamie Meder,DE,Lions,NA,MedeJa00
6826,Anthony Pittman,LB,Lions,NA,PittAn01
7166,Rashad Fenton,CB,Chiefs,20704,NA
6704,Hercules Mata'afa,DE,Vikings,13209,MataHe00
3964,Mackensie Alexander,CB,Vikings,17553,NA
6364,Holton Hill,CB,Vikings,13134,NA
6889,Kris Boyd,CB,Vikings,20449,NA
184,Walt Aikens,CB,Dolphins,2041,NA
4387,Rasul Douglas,CB,Eagles,12609,NA
3571,Cre'von LeBlanc,CB,Eagles,12436,NA
7289,Austin Larkin,DE,Falcons,NA,LarkAu00
295,Jamar Taylor,CB,Falcons,1385,NA
1249,D.J. Swearinger Sr,S,Saints,NA,NA
6386,JT Gray,S,Saints,13846,NA
4797,Cole Luke,S,Panthers,NA,NA
1079,Pierre Desir,CB,Colts,10851,NA
3897,Briean Boddy-Calhoun,CB,Colts,NA,NA
1985,Mike Adams,S,Texans,26838,NA
7388,Troy Reeder,LB,Rams,20838,ReedTr01
3375,Anthony Zettel,DE,49ers,17750,ZettAn00
7216,Kevin Givens,DT,49ers,NA,GiveKe00
718,Richard Sherman,CB,49ers,10811,NA
